problem,variant,n,secondary_param,mean_time_s,std_time_s,min_time_s,max_time_s,calls,max_depth,peak_kib,speedup_vs_recursive,measurement
fibonacci,naive,10,,0.000008984,0.000001694,0.000007542,0.000011917,177,10,0.1,,measured
fibonacci,memo,10,,0.000010716,0.000007312,0.000006000,0.000023583,19,10,0.8,0.84,measured
fibonacci,tab,10,,0.000003800,0.000000763,0.000003250,0.000005083,11,1,0.1,2.36,measured
fibonacci,naive,20,,0.000587583,0.000017830,0.000568708,0.000611417,21891,20,0.2,,measured
fibonacci,memo,20,,0.000010383,0.000001994,0.000007583,0.000012584,39,20,0.8,56.59,measured
fibonacci,tab,20,,0.000005516,0.000001446,0.000004000,0.000007208,21,1,0.1,106.52,measured
fibonacci,naive,30,,0.073471000,0.000278907,0.073295792,0.073792625,2692537,30,0.3,,measured
fibonacci,memo,30,,0.000015100,0.000005663,0.000009875,0.000023666,59,30,1.9,4865.63,measured
fibonacci,tab,30,,0.000004742,0.000001336,0.000003750,0.000007084,31,1,0.1,15493.67,measured
fibonacci,naive,35,,0.823409708,0.000435224,0.823101958,0.823717458,29860703,35,0.4,,measured
fibonacci,memo,35,,0.000013809,0.000003191,0.000010959,0.000018292,69,35,1.9,59628.48,measured
fibonacci,tab,35,,0.000006150,0.000001515,0.000004250,0.000008375,36,1,0.1,133887.76,measured
fibonacci,naive,40,,9.131753873,,,,331160281,40,,,projected
fibonacci,memo,40,,0.000013925,0.000002089,0.000010417,0.000015916,79,40,1.9,,measured
fibonacci,tab,40,,0.000006092,0.000000441,0.000005625,0.000006667,41,1,0.1,,measured
fibonacci,naive,45,,101.272702616,,,,3672623805,45,,,projected
fibonacci,memo,45,,0.000023292,0.000008945,0.000012500,0.000033792,89,45,4.1,,measured
fibonacci,tab,45,,0.000006133,0.000002801,0.000004458,0.000011083,46,1,0.1,,measured
knapsack,recursive,10,1000,0.000128975,0.000003432,0.000124000,0.000133500,2047,11,0.8,,measured
knapsack,memo,10,1000,0.000125025,0.000003096,0.000120292,0.000128500,1009,11,33.0,1.03,measured
knapsack,tab,10,1000,0.000501375,0.000026553,0.000485041,0.000547875,10010,1,253.6,0.26,measured
knapsack,recursive,15,1000,0.003880034,0.000065144,0.003799375,0.003964625,65535,16,1.1,,measured
knapsack,memo,15,1000,0.000447808,0.000010901,0.000434459,0.000463166,3569,16,146.7,8.66,measured
knapsack,tab,15,1000,0.000800792,0.000029392,0.000777875,0.000838167,15015,1,431.4,4.85,measured
knapsack,recursive,20,1000,0.121679847,0.000524686,0.121076458,0.122028833,2097151,21,1.5,,measured
knapsack,memo,20,1000,0.000860217,0.000047491,0.000796375,0.000903209,6475,21,351.6,141.45,measured
knapsack,tab,20,1000,0.001060816,0.000030566,0.001017000,0.001097541,20020,1,603.5,114.70,measured
knapsack,memo,25,1000,0.001765392,0.000129395,0.001630625,0.001943500,12927,26,884.4,,measured
knapsack,tab,25,1000,0.001382591,0.000078262,0.001290208,0.001481625,25025,1,772.1,,measured
knapsack,memo,50,1000,0.009303758,0.000254169,0.008875958,0.009479834,61228,51,4113.1,,measured
knapsack,tab,50,1000,0.002644417,0.000041164,0.002596333,0.002703542,50050,1,1326.6,,measured
knapsack,memo,100,1000,0.029883675,0.000302275,0.029526875,0.030303750,156032,101,9963.5,,measured
knapsack,tab,100,1000,0.005379625,0.000075244,0.005286084,0.005451500,100100,1,2564.3,,measured
knapsack,memo,200,1000,0.071286764,0.000955560,0.070234458,0.072100292,353307,201,30525.5,,measured
knapsack,tab,200,1000,0.010472883,0.000081722,0.010375792,0.010589166,200200,1,4204.3,,measured
knapsack,memo,50,100,0.000994359,0.000161819,0.000873000,0.001233417,6607,51,269.1,,measured
knapsack,tab,50,100,0.000221475,0.000010088,0.000211625,0.000236041,5050,1,65.2,,measured
knapsack,memo,50,250,0.002768792,0.000146505,0.002647333,0.003010250,19310,51,841.2,,measured
knapsack,tab,50,250,0.000566125,0.000026203,0.000526083,0.000590917,12550,1,219.3,,measured
knapsack,memo,50,500,0.005370833,0.000172628,0.005174625,0.005602625,37825,51,1995.5,,measured
knapsack,tab,50,500,0.001206358,0.000009056,0.001193167,0.001218250,25050,1,544.0,,measured
lcs,recursive,6,,0.000013842,0.000002601,0.000011292,0.000017292,91,10,0.1,,measured
lcs,recursive,8,,0.000118358,0.000003672,0.000115583,0.000124333,1434,16,0.0,,measured
lcs,recursive,10,,0.000157966,0.000006428,0.000149833,0.000166916,1941,18,0.0,,measured
lcs,recursive,12,,0.007752275,0.000112632,0.007628666,0.007851167,95414,24,0.0,,measured
lcs,recursive,14,,0.058154181,0.000117392,0.058055792,0.058284125,700405,27,0.0,,measured
lcs,memo,10,,0.000029858,0.000004990,0.000024500,0.000035375,116,18,3.2,5.29,measured
lcs,tab,10,,0.000022942,0.000012390,0.000015042,0.000044750,121,1,1.2,6.89,measured
lcs,memo,50,,0.000712191,0.000165240,0.000598666,0.000995916,3208,86,108.0,,measured
lcs,tab,50,,0.000241467,0.000027019,0.000220667,0.000287417,2601,1,20.9,,measured
lcs,memo,100,,0.002540700,0.000296287,0.002196041,0.003012042,12541,179,624.6,,measured
lcs,tab,100,,0.000941391,0.000046651,0.000891500,0.001010250,10201,1,81.9,,measured
lcs,memo,250,,0.016614517,0.000165510,0.016383291,0.016839916,78478,428,6130.5,,measured
lcs,tab,250,,0.005511017,0.000098887,0.005374708,0.005619750,63001,1,503.9,,measured
lcs,memo,500,,0.070776819,0.000555667,0.070201375,0.071310333,304230,849,27608.3,,measured
lcs,tab,500,,0.024436758,0.000104233,0.024304083,0.024547167,251001,1,2127.4,,measured
lcs,memo,1000,,0.313277472,0.004919452,0.309873833,0.318917875,1252522,1696,120058.5,,measured
lcs,tab,1000,,0.102701361,0.001017127,0.101569292,0.103538250,1002001,1,11722.1,,measured
