implementation,n,nodes,edges,work_v_plus_e,seconds,std_seconds,ns_per_v_plus_e,runs,note
heap priority queue,100,100,200,300,0.000191,1.3e-05,636.194,5,
linear scan,100,100,200,300,0.000367,1.2e-05,1224.278,5,
heap priority queue,250,250,500,750,0.000497,2.1e-05,662.822,5,
linear scan,250,250,500,750,0.001925,4.5e-05,2566.344,5,
heap priority queue,500,500,1000,1500,0.001095,4.1e-05,729.839,5,
linear scan,500,500,1000,1500,0.00807,6.8e-05,5379.989,5,
heap priority queue,1000,1000,2000,3000,0.002391,5.3e-05,796.994,5,
linear scan,1000,1000,2000,3000,0.033048,0.000159,11016.067,5,
heap priority queue,2000,2000,4000,6000,0.005121,2.9e-05,853.521,3,
linear scan,2000,2000,4000,6000,0.134222,0.001519,22370.262,3,
heap priority queue,4000,4000,8000,12000,0.011552,5.7e-05,962.706,3,
heap priority queue,8000,8000,16000,24000,0.02502,5.4e-05,1042.487,2,
