kind,algorithm,n,nodes,edges,work_v_plus_e,seconds,std_seconds,ns_per_v_plus_e,runs
sparse,BFS,100,100,200,300,5e-05,1.1e-05,165.916,5
sparse,DFS (iterative),100,100,200,300,7.3e-05,1.1e-05,244.667,5
sparse,DFS (recursive),100,100,200,300,4.6e-05,8e-06,154.557,5
sparse,BFS,500,500,1000,1500,0.000165,2e-06,110.139,5
sparse,DFS (iterative),500,500,1000,1500,0.000293,1.9e-05,195.639,5
sparse,DFS (recursive),500,500,1000,1500,0.000264,2.6e-05,176.283,5
sparse,BFS,1000,1000,2000,3000,0.000324,2.5e-05,108.067,5
sparse,DFS (iterative),1000,1000,2000,3000,0.000539,1.7e-05,179.694,5
sparse,DFS (recursive),1000,1000,2000,3000,0.000483,2.6e-05,161.122,5
sparse,BFS,5000,5000,10000,15000,0.001826,3.8e-05,121.716,3
sparse,DFS (iterative),5000,5000,10000,15000,0.002672,7.3e-05,178.166,3
sparse,DFS (recursive),5000,5000,10000,15000,0.002481,5.8e-05,165.41,3
sparse,BFS,10000,10000,20000,30000,0.00415,0.000271,138.319,2
sparse,DFS (iterative),10000,10000,20000,30000,0.005728,6e-06,190.933,2
sparse,DFS (recursive),10000,10000,20000,30000,0.005316,3.2e-05,177.212,2
dense,BFS,50,50,612,662,3.7e-05,2e-06,55.186,5
dense,DFS (iterative),50,50,612,662,6.9e-05,2e-06,103.915,5
dense,DFS (recursive),50,50,612,662,4.3e-05,1e-06,65.521,5
dense,BFS,100,100,2475,2575,0.0001,4e-06,38.748,5
dense,DFS (iterative),100,100,2475,2575,0.000208,5e-06,80.718,5
dense,DFS (recursive),100,100,2475,2575,0.000138,1.6e-05,53.686,5
dense,BFS,200,200,9950,10150,0.000313,1e-05,30.83,5
dense,DFS (iterative),200,200,9950,10150,0.000758,1.9e-05,74.707,5
dense,DFS (recursive),200,200,9950,10150,0.000367,1.5e-05,36.152,5
dense,BFS,400,400,39900,40300,0.001319,2.3e-05,32.74,5
dense,DFS (iterative),400,400,39900,40300,0.003043,7.5e-05,75.519,5
dense,DFS (recursive),400,400,39900,40300,0.001463,4e-05,36.292,5
dense,BFS,800,800,159800,160600,0.005946,5.2e-05,37.023,3
dense,DFS (iterative),800,800,159800,160600,0.01282,3.4e-05,79.828,3
dense,DFS (recursive),800,800,159800,160600,0.006193,3.8e-05,38.564,3
